population,source,shared_drafts,hob_fitted_accuracy,source_accuracy,hob_fitted_minus_source,delta_ci_low,delta_ci_high
all,draftfm,41093,0.6201299491397562,0.5061445988367849,0.11398535030297131,0.10843635169006886,0.11921738495607524
all,nizzahon,41093,0.6201299491397562,0.4704321593201694,0.14969778981958673,0.14464696774191396,0.15459639816666867
all,draftsim_review,41093,0.6201299491397562,0.427491676835239,0.1926382723045172,0.18753208628782023,0.1975377873997773
all,draftsim_pickorder,41093,0.6201299491397562,0.4535253368375798,0.16660461230217638,0.161404203067838,0.1718631518750152
all,limited_level_ups,41093,0.6201299491397562,0.4913329965054103,0.12879695263434585,0.12474145318458826,0.13283186193222574
all,cardgamebase,41093,0.6201299491397562,0.4345485308392617,0.18558141830049454,0.1809216038803195,0.1901788282984898
all,nicolai_bola,41093,0.6201299491397562,0.45779295048513646,0.16233699865461965,0.15760080719923333,0.16690538983583114
expert,draftfm,6493,0.6815031572462652,0.47343292776836593,0.20807022947789927,0.19467118435237948,0.22085322655167103
expert,nizzahon,6493,0.6815031572462652,0.4667082921356755,0.21479486511058973,0.2022661391199625,0.2267589774780211
expert,draftsim_review,6493,0.6815031572462652,0.43113132824360295,0.25037182900266225,0.23798468863904718,0.2625960924952146
expert,draftsim_pickorder,6493,0.6815031572462652,0.45324195287232405,0.22826120437394118,0.21504793623902663,0.2409276656912573
expert,limited_level_ups,6493,0.6815031572462652,0.543349431255638,0.13815372599062728,0.12715933551150324,0.14887566646865122
expert,cardgamebase,6493,0.6815031572462652,0.45555965031939155,0.22594350692687365,0.21372912128812718,0.23778864418091278
expert,nicolai_bola,6493,0.6815031572462652,0.46953550710288733,0.21196765014337787,0.2003463986857642,0.22338634830183424
