outcome,source,matched_cards,draftfm_spearman,draftfm_kendall_tau_b,creator_spearman,creator_kendall_tau_b
gih_win_rate,cardgamebase,18,-0.23219814241486067,-0.12418300653594773,-0.05389795679888998,-0.035590118479915174
gih_win_rate,draftsim_pickorder,18,-0.23219814241486067,-0.12418300653594773,-0.08000182431606893,-0.07436677547886003
gih_win_rate,draftsim_review,18,-0.23219814241486067,-0.12418300653594773,-0.17254242628617367,-0.14291548761875736
gih_win_rate,limited_level_ups,18,-0.23219814241486067,-0.12418300653594773,-0.0412920069507667,-0.030287390028283647
gih_win_rate,limited_resources,18,-0.23219814241486067,-0.12418300653594773,-0.13671178428798023,-0.11615349838117044
gih_win_rate,nicolai_bola,18,-0.23219814241486067,-0.12418300653594773,0.03923001687475956,0.05021696531630237
gih_win_rate,nizzahon,18,-0.23219814241486067,-0.12418300653594773,-0.0765474545589075,-0.05323694221956546
negative_average_taken_at,cardgamebase,52,0.518483736019807,0.37104072398190047,0.44679846324995787,0.3437775312346519
negative_average_taken_at,draftsim_pickorder,52,0.518483736019807,0.37104072398190047,0.4792980772148239,0.3673528234351999
negative_average_taken_at,draftsim_review,52,0.518483736019807,0.37104072398190047,0.4653174879725476,0.36775771691889286
negative_average_taken_at,limited_level_ups,52,0.518483736019807,0.37104072398190047,0.6774525784566687,0.528482545841913
negative_average_taken_at,limited_resources,52,0.518483736019807,0.37104072398190047,0.5721181724293972,0.44048516351573747
negative_average_taken_at,nicolai_bola,52,0.518483736019807,0.37104072398190047,0.4491734044492248,0.3373983484130497
negative_average_taken_at,nizzahon,52,0.518483736019807,0.37104072398190047,0.3171833879612468,0.25399999458294614
