population,source,population_drafts,eligible_drafts,excluded_drafts,draftfm_accuracy,creator_accuracy,delta,delta_ci_low,delta_ci_high,random_accuracy,draftfm_inclusive_accuracy,draftfm_mean_top_tie,creator_inclusive_accuracy,creator_mean_top_tie
all,cardgamebase,41093,41093,0,0.5061445988367849,0.4345485308392617,0.07159606799752324,0.06635445962873994,0.0770593925258193,0.07419608109506631,0.5061445988367849,1.0,0.5320370866084247,1.5108169274572312
all,draftsim_pickorder,41093,41093,0,0.5061445988367849,0.4535253368375798,0.05261926199920505,0.047818697831747504,0.0576891339968689,0.07419608109506631,0.5061445988367849,1.0,0.48760129462438856,1.1419219818460564
all,draftsim_review,41093,41093,0,0.5061445988367849,0.427491676835239,0.07865292200154587,0.07391328115011286,0.08373533354848606,0.07419608109506631,0.5061445988367849,1.0,0.5170953690409559,1.4265203319300124
all,limited_level_ups,41093,41093,0,0.5061445988367849,0.4913329965054103,0.014811602331374562,0.009427616326343,0.020624119303137022,0.07419608109506631,0.5061445988367849,1.0,0.5703891173679215,1.369113961015258
all,nicolai_bola,41093,41093,0,0.5061445988367849,0.45779295048513646,0.04835164835164836,0.043254139420107474,0.053937267585836085,0.07419608109506631,0.5061445988367849,1.0,0.5930450441681064,1.5594626822086486
all,nizzahon,41093,41093,0,0.5061445988367849,0.4704321593201694,0.035712439516615416,0.031780153306569,0.040212922907877036,0.07419608109506631,0.5061445988367849,1.0,0.5750614459883678,1.5023483318326722
expert,cardgamebase,6493,6493,0,0.47343292776836593,0.45555965031939155,0.017873277448974358,0.005079430778934094,0.030264025177297163,0.07415001447035943,0.47343292776836593,1.0,0.55921761897428,1.5187124595718466
expert,draftsim_pickorder,6493,6493,0,0.47343292776836593,0.45324195287232405,0.020190974896041894,0.008231492889778739,0.03262821500077006,0.07415001447035943,0.47343292776836593,1.0,0.4866779608809487,1.1404589557985523
expert,draftsim_review,6493,6493,0,0.47343292776836593,0.43113132824360295,0.04230159952476293,0.03096418854003946,0.05427511220875228,0.07415001447035943,0.47343292776836593,1.0,0.5221007238564608,1.422608963499153
expert,limited_level_ups,6493,6493,0,0.47343292776836593,0.543349431255638,-0.069916503487272,-0.08376489699529896,-0.055442101567255576,0.07415001447035943,0.47343292776836593,1.0,0.6288310488218081,1.3768673956568613
expert,nicolai_bola,6493,6493,0,0.47343292776836593,0.46953550710288733,0.003897420665478582,-0.00836308607071351,0.016441657865980206,0.07415001447035943,0.47343292776836593,1.0,0.6081934390882489,1.5720006160480517
expert,nizzahon,6493,6493,0,0.47343292776836593,0.4667082921356755,0.006724635632690466,-0.003535143657871976,0.016208686360869484,0.07415001447035943,0.47343292776836593,1.0,0.5709225319574927,1.491298321269059
